open_time,close_time,open,high,low,close,volume,trades
1754002800000,1754006399999,115637,115637,115637,115637,0.00176,1
1754006400000,1754009999999,115636,115774,114269,115363,73.76387000000426,12794
1754010000000,1754013599999,115356,115543,114555,115281,37.53090000000384,9386
1754013600000,1754017199999,115282,115949,115191,115872,32.469609999999086,6857
1754017200000,1754020799999,115870,115982,115600,115619,12.753449999999601,5850
1754020800000,1754024399999,115619,115649,115214,115647,21.944669999998993,7354
1754024400000,1754027999999,115645,115900,115346,115528,24.804619999998796,8378
1754028000000,1754031599999,115527,115578,114992,115061,37.75587000000141,8287
1754031600000,1754035199999,115061,115237,114531,115001,45.06394000000578,9541
1754035200000,1754038799999,114999,115000,114081,114605,30.775139999998895,8410
1754038800000,1754042399999,114595,115282,114520,114912,34.09948000000087,7272
1754042400000,1754045999999,114912,115150,114690,114723,19.1938499999992,6740
1754046000000,1754049599999,114715,115307,114570,115258,28.598099999998993,7008
1754049600000,1754053199999,115259,115880,115155,115731,35.05771000000215,8638
1754053200000,1754056799999,115731,115993,114144,114329,46.640550000001404,10685
1754056800000,1754060399999,114329,115791,114000,115572,59.91253000000915,11177
1754060400000,1754063999999,115565,115610,114674,115319,65.40285000000786,9410
1754064000000,1754067599999,115318,115664,114798,114972,31.630899999998576,8355
1754067600000,1754071199999,114973,115002,114330,114371,27.588019999998565,8400
1754071200000,1754074799999,114371,114445,113686,113790,35.42990000000139,8969
1754074800000,1754078399999,113789,113840,113165,113228,38.1883800000031,9731
1754078400000,1754081999999,113228,113889,113100,113871,41.89301000000409,9669
1754082000000,1754085599999,113870,114025,113606,113812,20.306669999999098,8294
1754085600000,1754089199999,113813,113899,112653,113070,43.288730000003525,10865
1754089200000,1754092799999,113067,113470,112857,113228,24.621509999998594,8781
