open_time,close_time,open,high,low,close,volume,trades
1775692800000,1775696399999,71075.0,71141.0,70661.0,70824.0,38.88599,940
1775696400000,1775699999999,70815.0,70950.0,70478.0,70922.0,38.12825,880
1775700000000,1775703599999,70943.0,71178.0,70826.0,71053.0,15.47582,643
1775703600000,1775707199999,71050.0,71103.0,70860.0,71006.0,13.16963,381
1775707200000,1775710799999,71002.0,71013.0,70751.0,70793.0,2.14803,211
1775710800000,1775714399999,70791.0,71086.0,70749.0,71000.0,16.04811,587
1775714400000,1775717999999,71011.0,71090.0,70824.0,71032.0,25.92190,922
1775718000000,1775721599999,71032.0,71116.0,70978.0,70997.0,4.77837,194
