open_time,close_time,open,high,low,close,volume,trades
1775692800000,1775696399999,71036.0,71098.0,70594.0,70773.0,1895.88507,37204
1775696400000,1775699999999,70774.0,70928.0,70425.0,70895.0,1093.72653,35530
1775700000000,1775703599999,70895.0,71167.0,70780.0,71023.0,808.66728,28870
1775703600000,1775707199999,71023.0,71079.0,70816.0,70961.0,476.42715,25318
1775707200000,1775710799999,70961.0,70977.0,70703.0,70750.0,585.06119,19034
1775710800000,1775714399999,70750.0,71060.0,70646.0,70950.0,767.91121,14812
1775714400000,1775717999999,70950.0,71050.0,70765.0,70988.0,645.88643,12589
